div_num1,gender,my_id,new_var
3.04878048780488,1,1,1
3.04878048780488,1,2,2
7.92682926829268,1,3,4
9.60365853658537,2,4,7
6.85975609756098,2,5,9
91.1768292682927,1,6,2
4.26829268292683,2,7,6
11.4329268292683,1,8,5
14.6341463414634,2,9,4
5.18292682926829,2,10,1
11.1280487804878,1,11,3
3.04878048780488,2,12,3
8.38414634146342,1,13,4
13.8719512195122,2,14,9
97.890243902439,1,15,7
